Number_of_Drones,Normalized_Distance
1,1.11111
1,1.33333
1,1.25
1,1.25
1,1.5
1,1.25
1,1.25
1,1.5
1,1.16667
1,1.16667
1,1.25
1,1.2
1,1.2
1,1.33333
1,1.25
1,1.25
1,1.25
1,1.16667
1,1.5
1,1.2
1,1.2
1,1.2
1,1.25
1,2.0
1,2.0
1,1.25
1,2.0
1,1.25
1,1.5
1,1.11111
2,2.39286
2,2.64286
2,2.75
2,2.53333
2,2.45
2,2.66667
2,2.5
2,2.53333
2,2.58333
2,2.6
2,2.45
2,3.14286
2,2.5
2,2.5
2,3.5
2,2.45
2,2.5
2,2.39286
2,3.2
2,3.5
2,2.29167
2,2.75
2,2.64286
2,3.25
2,2.4
2,2.375
2,2.45
2,2.83333
2,2.39286
2,2.66667
3,3.79167
3,4.08333
3,3.73333
3,3.47619
3,3.65833
3,3.91667
3,3.64286
3,4.66667
3,4.36667
3,4.75
3,3.95
3,4.47619
3,4.66667
3,4.83333
3,3.825
3,3.66667
3,4.14286
3,3.6
3,3.78333
3,3.95833
3,3.78333
3,3.78333
3,3.95
3,3.42857
3,3.97619
3,3.56667
3,3.91667
3,4.16667
3,3.94444
3,3.9
4,5.03333
4,6.58333
4,5.19444
4,5.06667
4,4.61071
4,5.66667
4,5.39286
4,5.14286
4,5.5
4,5.80952
4,5.53333
4,5.75
4,6.03333
4,6.08333
4,6.34286
4,5.7
4,5.66667
4,5.06667
4,5.81111
4,4.70833
4,6.08333
4,5.22619
4,5.30952
4,6.45833
4,5.7
4,5.73333
4,5.08333
4,5.55952
4,5.11667
4,4.86905
5,7.03333
5,6.24167
5,6.36667
5,6.97619
5,6.16667
5,7.33333
5,7.0119
5,6.78333
5,6.98333
5,6.92619
5,6.12619
5,6.36667
5,6.5
5,7.39286
5,6.5
5,6.45
5,6.76944
5,7.87619
5,6.33333
5,6.65833
5,7.59286
5,5.875
5,7.0
5,6.31667
5,6.15
5,6.43333
5,6.25
5,6.51667
5,7.0
5,6.58333
6,7.83333
6,7.44405
6,7.47619
6,8.65
6,8.18571
6,8.30952
6,8.41667
6,9.06667
6,7.87619
6,8.83333
6,8.36667
6,7.5
6,8.0
6,7.53333
6,8.5
6,8.36667
6,7.97619
6,8.34286
6,7.58333
6,7.93333
6,7.78333
6,8.75
6,8.45
6,7.075
6,8.24167
6,8.09444
6,8.94286
6,8.78333
6,7.61667
6,7.70238
7,10.6
7,9.11667
7,10.0595
7,9.08333
7,9.7
7,9.20238
7,10.0
7,10.0119
7,8.95833
7,10.0
7,9.5
7,8.42619
7,9.9
7,8.47738
7,8.62857
7,9.09286
7,9.4
7,9.15397
7,9.5
7,9.25119
7,9.95
7,9.54286
7,9.28333
7,8.54167
7,8.35
7,9.06667
7,8.92619
7,10.4762
7,10.9167
7,10.119
8,10.6345
8,10.1095
8,10.6452
8,10.5429
8,10.4833
8,12.1167
8,11.75
8,12.6167
8,11.2
8,11.4762
8,10.8333
8,10.8167
8,11.1667
8,10.1262
8,11.1167
8,11.6083
8,12.125
8,10.0929
8,10.7833
8,10.45
8,9.8
8,11.3333
8,9.86905
8,10.7262
8,10.831
8,10.9976
8,11.8667
8,10.8333
8,10.1024
8,10.3373
9,11.4833
9,11.7833
9,11.8845
9,12.8167
9,11.6012
9,11.8167
9,12.1583
9,12.2262
9,11.8611
9,12.6
9,12.1667
9,12.4929
9,14.0333
9,13.2262
9,12.4
9,12.9774
9,12.6333
9,12.0333
9,12.3429
9,13.3095
9,12.1667
9,12.3167
9,12.3762
9,12.3
9,13.0417
9,12.4667
9,11.494
9,11.9107
9,12.0667
9,12.6706
10,14.7667
10,13.3333
10,16.1833
10,14.0
10,14.1929
10,16.5
10,12.6667
10,13.9833
10,13.35
10,13.8333
10,12.9357
10,12.3524
10,14.5952
10,14.9667
10,13.3667
10,12.7524
10,14.2833
10,13.2179
10,14.2833
10,13.0167
10,13.519
10,12.9
10,12.4595
10,13.5167
10,13.4167
10,13.475
10,14.0333
10,14.4167
10,14.65
10,13.319
11,15.5417
11,14.6429
11,15.6262
11,15.6024
11,15.5167
11,15.5
11,16.9619
11,15.925
11,14.2929
11,14.6762
11,14.9452
11,14.6619
11,15.9833
11,14.9373
11,14.6083
11,15.2845
11,14.2
11,15.85
11,15.15
11,16.525
11,15.6607
11,15.2929
11,15.2667
11,15.9
11,14.5452
11,14.3333
11,14.5548
11,14.4369
11,15.7357
11,14.0095
12,15.8202
12,16.6774
12,16.025
12,15.4917
12,15.4607
12,17.7179
12,16.6595
12,17.1429
12,16.1845
12,15.969
12,15.5095
12,16.1762
12,16.1944
12,15.9917
12,17.45
12,15.9333
12,18.1762
12,17.5333
12,16.875
12,17.9333
12,17.3873
12,16.0095
12,16.15
12,14.829
12,16.5262
12,15.8762
12,16.4667
12,16.6702
12,15.9095
12,16.319
13,19.244
13,17.1024
13,18.2833
13,16.7512
13,16.5667
13,17.9206
13,17.4274
13,18.9583
13,17.7833
13,18.8262
13,17.369
13,18.1024
13,16.3429
13,18.5833
13,18.3345
13,17.8833
13,18.2595
13,19.0389
13,17.2333
13,17.4857
13,19.6286
13,17.0159
13,17.2151
13,18.6345
13,19.3833
13,18.6917
13,17.3095
13,17.6833
13,18.4667
13,19.3333
14,18.5333
14,19.7667
14,19.7119
14,19.3524
14,18.8012
14,21.05
14,20.2095
14,17.3956
14,18.7774
14,20.204
14,18.9012
14,19.6619
14,21.8
14,20.2167
14,21.1143
14,19.2333
14,19.3667
14,19.3095
14,17.8012
14,18.8762
14,21.5167
14,18.9167
14,19.3444
14,19.55
14,20.325
14,18.3647
14,21.9333
14,18.8667
14,19.8
14,19.8929
15,21.2333
15,23.0333
15,19.3762
15,20.6452
15,22.419
15,20.5381
15,22.6429
15,20.6345
15,19.769
15,19.1393
15,20.8429
15,23.7679
15,21.081
15,19.669
15,21.6012
15,24.2179
15,20.8762
15,20.7357
15,22.6917
15,21.7706
15,21.6167
15,19.7452
15,21.8167
15,19.7762
15,20.05
15,20.469
15,20.1194
15,21.7278
15,20.4833
15,20.5429
16,22.2571
16,25.45
16,20.7206
16,23.8667
16,20.3956
16,21.7524
16,23.7452
16,22.3583
16,21.6
16,23.2762
16,25.15
16,22.6024
16,20.9857
16,22.8917
16,22.8083
16,22.8012
16,22.7107
16,22.9262
16,21.2631
16,21.7095
16,22.2595
16,20.1179
16,23.6095
16,25.45
16,23.0929
16,22.9857
16,21.4595
16,23.669
16,21.675
16,23.5167
17,22.85
17,23.569
17,25.094
17,23.6167
17,26.325
17,24.9357
17,23.4623
17,23.0036
17,25.1012
17,23.7167
17,22.4083
17,23.3381
17,22.8262
17,23.5786
17,23.0429
17,23.1135
17,25.7083
17,24.2762
17,23.569
17,23.354
17,23.8944
17,22.3345
17,22.1889
17,25.1417
17,22.8405
17,24.0524
17,25.7262
17,23.9262
17,21.9702
17,23.6667
18,26.25
18,24.2988
18,25.3897
18,25.6167
18,24.4762
18,24.7917
18,25.8833
18,24.8762
18,23.9151
18,25.1619
18,23.7317
18,23.8825
18,25.3333
18,24.9286
18,23.969
18,24.8452
18,24.9357
18,26.2833
18,25.8778
18,29.4167
18,25.2333
18,25.6167
18,26.4917
18,24.6611
18,25.9679
18,26.725
18,24.625
18,25.0512
18,24.2881
18,26.8119
19,27.6167
19,26.0813
19,28.0774
19,28.9452
19,27.6571
19,26.3881
19,26.6389
19,26.7063
19,25.8548
19,26.9929
19,26.575
19,27.4095
19,27.2667
19,26.4734
19,26.4107
19,27.823
19,26.2
19,27.9595
19,25.8869
19,26.9452
19,26.8583
19,28.1397
19,29.8214
19,24.4667
19,25.225
19,26.8774
19,28.5083
19,28.8
19,28.0917
19,26.3167
20,27.8917
20,28.1159
20,27.5619
20,29.069
20,30.456
20,26.5179
20,26.1595
20,27.4012
20,28.098
20,28.6524
20,31.7048
20,27.1
20,27.6583
20,27.6992
20,28.1802
20,28.3833
20,28.3
20,28.0095
20,30.2
20,29.519
20,26.5004
20,30.0667
20,25.2341
20,30.5214
20,27.5845
20,26.7845
20,31.2881
20,32.1802
20,28.6929
20,30.1107
21,29.5762
21,31.7952
21,30.669
21,28.6357
21,30.0012
21,29.9667
21,31.7722
21,29.7405
21,29.7333
21,29.8369
21,30.669
21,30.4635
21,31.8619
21,29.4345
21,29.2262
21,28.3381
21,32.5762
21,30.5345
21,28.1048
21,32.1726
21,29.4143
21,31.523
21,29.1389
21,30.9333
21,29.094
21,29.2143
21,29.6024
21,28.6206
21,30.2036
21,29.375
22,33.0262
22,31.6143
22,33.6595
22,31.0857
22,31.7107
22,31.2655
22,32.569
22,30.2429
22,31.5869
22,33.6262
22,31.7806
22,32.5786
22,30.9607
22,31.0611
22,33.2067
22,31.3357
22,32.8952
22,30.7702
22,30.3095
22,35.1512
22,30.5833
22,31.4417
22,31.0536
22,31.3
22,30.9595
22,30.7524
22,29.754
22,31.044
22,29.3444
22,30.6595
23,32.0298
23,35.5607
23,34.4119
23,31.9214
23,34.6139
23,35.019
23,32.8679
23,33.8357
23,31.9873
23,33.544
23,32.7127
23,31.6369
23,33.2774
23,33.4857
23,35.681
23,33.9198
23,35.5738
23,33.3722
23,34.4262
23,33.6274
23,32.0048
23,33.2817
23,33.3484
23,34.1119
23,32.4786
23,34.625
23,34.681
23,31.3369
23,31.969
23,33.8143
24,33.7548
24,33.2619
24,34.9325
24,35.925
24,32.6714
24,32.8071
24,37.1357
24,34.4139
24,32.95
24,36.8929
24,35.6667
24,34.6095
24,34.0103
24,34.5917
24,37.9548
24,35.5167
24,34.3056
24,35.0345
24,36.075
24,36.1083
24,36.669
24,34.7
24,32.6806
24,38.3405
24,33.3587
24,32.2905
24,35.65
24,35.4714
24,33.5119
24,36.7778
25,33.9131
25,35.1048
25,35.9714
25,35.9508
25,34.4385
25,38.2833
25,41.1452
25,34.777
25,35.9857
25,36.2381
25,35.9048
25,34.1155
25,35.6206
25,38.2722
25,35.4286
25,38.4762
25,36.144
25,35.2833
25,41.0
25,37.5095
25,35.15
25,36.4821
25,36.8762
25,38.6881
25,36.3274
25,37.3774
25,35.004
25,37.7095
25,37.981
25,36.356
26,38.2278
26,38.6488
26,37.7595
26,37.9905
26,38.8262
26,37.4417
26,39.1214
26,40.5595
26,36.7583
26,38.8155
26,36.3464
26,35.5591
26,38.8179
26,38.6643
26,38.4833
26,41.5036
26,36.569
26,37.6028
26,39.8865
26,36.2294
26,36.4659
26,40.1111
26,38.1857
26,37.5929
26,41.7143
26,38.2524
26,37.7123
26,37.8833
26,37.2083
26,37.4964
27,39.9167
27,38.5262
27,42.875
27,41.1786
27,44.0738
27,40.3583
27,40.8833
27,40.5452
27,39.169
27,38.9619
27,41.3393
27,41.275
27,39.0952
27,39.3571
27,37.2333
27,41.9857
27,38.869
27,39.3952
27,38.2095
27,38.5278
27,38.5774
27,40.8226
27,37.8429
27,43.7857
27,39.7595
27,38.8278
27,38.8786
27,40.6476
27,39.6782
27,40.7774
28,41.7524
28,40.8107
28,42.2
28,41.4278
28,39.2667
28,39.2095
28,42.2806
28,40.2683
28,40.531
28,41.0857
28,40.85
28,40.1214
28,41.6262
28,42.6702
28,40.2667
28,41.4972
28,41.044
28,41.9071
28,43.4663
28,38.8952
28,39.4429
28,41.6813
28,42.7
28,39.3452
28,41.5381
28,40.6667
28,41.073
28,42.0952
28,40.6238
28,40.7131
29,43.9
29,43.0607
29,43.0452
29,46.1857
29,43.8706
29,43.1214
29,44.3381
29,45.4095
29,43.1786
29,40.456
29,42.2464
29,42.3583
29,44.9833
29,39.6242
29,43.879
29,42.9508
29,44.45
29,41.8468
29,45.3036
29,42.5393
29,42.25
29,41.6222
29,43.5833
29,41.5548
29,43.9762
29,42.8857
29,42.0536
29,42.006
29,45.3179
29,41.3238
30,46.7333
30,43.1905
30,43.2833
30,47.15
30,45.6452
30,42.7512
30,45.5421
30,44.629
30,45.8143
30,42.1988
30,43.1655
30,44.0619
30,47.3167
30,45.1778
30,42.8833
30,45.2845
30,46.125
30,44.0786
30,46.8115
30,42.7143
30,50.6667
30,43.2333
30,45.0238
30,47.3619
30,43.6357
30,44.8929
30,42.1429
30,46.0143
30,45.3048
30,41.6544
31,47.9806
31,45.206
31,52.081
31,43.7187
31,46.8548
31,45.4869
31,46.269
31,46.0012
31,52.0754
31,45.031
31,45.5583
31,45.3631
31,46.8286
31,47.05
31,49.4929
31,42.2381
31,45.796
31,49.2607
31,45.5667
31,47.3786
31,46.2635
31,44.4667
31,46.7905
31,46.4694
31,47.656
31,43.819
31,45.4702
31,46.6976
31,53.7048
31,47.5778
32,47.869
32,48.7321
32,48.0262
32,47.069
32,49.6444
32,45.6512
32,48.9369
32,46.544
32,47.6345
32,50.0476
32,47.9881
32,53.9595
32,51.5333
32,49.2639
32,46.2
32,45.2611
32,50.6429
32,49.3198
32,48.5738
32,49.7964
32,46.5048
32,47.5702
32,48.0012
32,46.7095
32,46.7702
32,46.0607
32,46.25
32,50.6024
32,47.9087
32,48.2262
33,50.7698
33,46.0429
33,52.0619
33,50.1679
33,47.4123
33,47.4905
33,48.2873
33,48.7738
33,53.2893
33,45.9972
33,46.6401
33,50.856
33,45.2313
33,54.0667
33,49.7833
33,49.9048
33,49.3385
33,47.7262
33,52.1976
33,47.469
33,47.3083
33,47.2286
33,52.0083
33,51.5452
33,49.7504
33,47.8095
33,49.329
33,48.8619
33,50.9964
33,51.7611
34,50.3107
34,52.7762
34,53.5357
34,51.2738
34,50.5179
34,54.4714
34,51.6202
34,50.5425
34,49.4821
34,57.1778
34,48.6099
34,52.9548
34,51.7175
34,53.1278
34,48.7504
34,47.673
34,51.9119
34,58.4667
34,49.754
34,49.419
34,49.6214
34,49.3631
34,50.5893
34,50.8238
34,50.3048
34,52.6667
34,50.8373
34,49.5262
34,49.6357
34,48.4881
35,54.494
35,55.0714
35,56.4333
35,51.0484
35,54.7155
35,54.4774
35,50.6083
35,54.4714
35,55.9603
35,55.7119
35,52.8238
35,51.919
35,55.119
35,56.0036
35,51.1202
35,54.4762
35,50.9726
35,52.8329
35,52.3194
35,56.069
35,52.646
35,52.7794
35,55.6655
35,53.4937
35,52.931
35,53.3833
35,52.5024
35,57.3
35,50.6524
35,54.6504
36,54.9468
36,54.8476
36,57.0286
36,55.5611
36,54.6476
36,53.8524
36,51.4381
36,57.0333
36,53.9647
36,54.8774
36,53.7274
36,55.4714
36,52.4012
36,52.6683
36,58.331
36,53.0179
36,56.8548
36,54.7881
36,55.7607
36,56.3321
36,54.8821
36,52.8825
36,53.7655
36,52.5155
36,53.1714
36,54.1619
36,53.2147
36,58.5726
36,59.6393
36,61.3714
37,59.4393
37,57.6821
37,53.9798
37,54.2111
37,60.4734
37,55.7774
37,56.8147
37,54.9802
37,56.4024
37,54.5679
37,53.9274
37,54.956
37,54.9571
37,59.0567
37,57.9071
37,58.2071
37,56.306
37,57.5548
37,55.2714
37,59.3167
37,59.7167
37,63.7222
37,55.5262
37,52.8329
37,51.531
37,57.8202
37,53.7702
37,58.9389
37,54.8504
37,63.4369
38,53.019
38,59.5643
38,55.7095
38,59.6258
38,61.5214
38,54.979
38,57.5357
38,62.1857
38,58.3313
38,56.6667
38,56.7845
38,66.0714
38,59.1167
38,60.5774
38,57.8056
38,60.5881
38,60.8357
38,59.3833
38,55.5476
38,52.7028
38,55.1992
38,57.1286
38,63.4262
38,60.9587
38,58.2246
38,57.7095
38,53.1893
38,59.9476
38,62.7325
38,56.3183
39,60.7528
39,59.631
39,61.5119
39,60.0024
39,60.9238
39,61.8738
39,66.425
39,60.6294
39,57.8925
39,58.1484
39,61.9952
39,59.5964
39,61.4155
39,60.881
39,58.5345
39,59.3925
39,59.2762
39,66.1417
39,58.5226
39,57.2083
39,58.6377
39,61.069
39,64.0405
39,59.873
39,60.419
39,61.7635
39,64.2
39,61.5833
39,61.856
39,59.1103
40,60.6536
40,60.0726
40,64.831
40,62.3381
40,60.5738
40,64.3917
40,61.8722
40,63.85
40,60.1754
40,61.45
40,58.527
40,62.2984
40,58.4679
40,60.7857
40,64.0357
40,64.9167
40,61.969
40,66.8254
40,63.527
40,66.3179
40,66.9123
40,61.4643
40,63.2048
40,69.1345
40,62.175
40,59.2135
40,62.3321
40,62.2845
40,65.7357
40,62.5262
41,65.6623
41,65.3123
41,60.7111
41,64.219
41,65.875
41,66.2738
41,64.498
41,61.4548
41,62.9484
41,67.0512
41,61.3976
41,65.8417
41,62.3655
41,60.7369
41,61.4194
41,60.0262
41,67.8833
41,64.0556
41,66.4071
41,63.1429
41,68.1159
41,59.275
41,65.9833
41,63.019
41,64.2595
41,65.2702
41,66.2024
41,60.748
41,71.0952
41,61.0417
42,65.0111
42,66.6071
42,68.2147
42,66.0595
42,69.5718
42,67.7925
42,68.2881
42,64.0238
42,62.904
42,67.1738
42,65.4464
42,68.769
42,62.4107
42,70.6214
42,63.2298
42,67.3119
42,66.2996
42,63.325
42,68.2202
42,62.4956
42,65.9964
42,62.5651
42,67.4714
42,60.6667
42,64.5488
42,69.6024
42,67.2294
42,68.8226
42,63.7778
42,64.721
43,64.5214
43,66.9833
43,62.8
43,67.7825
43,68.496
43,66.4857
43,68.6357
43,72.2583
43,62.394
43,67.1944
43,70.2071
43,68.2083
43,63.7532
43,71.1952
43,65.4754
43,70.4667
43,65.4929
43,66.9607
43,63.8702
43,62.4131
43,67.7187
43,65.7286
43,63.6409
43,67.4694
43,68.8714
43,65.8246
43,68.9619
43,63.725
43,69.3179
43,66.6607
44,71.1111
44,69.0571
44,66.0357
44,72.3663
44,74.3762
44,71.6345
44,65.2837
44,69.5
44,71.3667
44,69.6623
44,69.1131
44,72.4258
44,70.5476
44,70.4274
44,70.2845
44,69.119
44,67.0405
44,68.0679
44,67.2917
44,64.8397
44,63.6333
44,68.6179
44,65.4381
44,65.1476
44,71.5881
44,64.1135
44,62.2298
44,64.3226
44,71.5984
44,67.0095
45,71.7952
45,69.4694
45,72.1571
45,74.969
45,74.3262
45,73.7897
45,76.7988
45,72.0409
45,70.7798
45,75.7933
45,70.3524
45,67.1143
45,69.5675
45,77.7028
45,68.0571
45,66.3774
45,70.5119
45,67.456
45,70.1393
45,67.9988
45,70.3111
45,67.9952
45,73.8702
45,74.2524
45,68.056
45,65.2639
45,68.2321
45,68.6675
45,67.7667
45,68.6417
46,71.4409
46,71.0722
46,77.0246
46,70.9548
46,75.4929
46,72.3087
46,68.8238
46,71.1119
46,70.1226
46,75.4833
46,70.1889
46,70.3452
46,70.8381
46,72.0425
46,72.0179
46,69.5266
46,68.9988
46,71.45
46,71.6333
46,73.375
46,71.8508
46,72.5087
46,73.1861
46,67.8385
46,71.8952
46,73.354
46,72.9464
46,70.9893
46,73.7071
46,71.6667
47,73.7131
47,70.7353
47,73.231
47,73.7317
47,70.6083
47,74.8357
47,76.4996
47,75.2357
47,76.4179
47,74.2679
47,73.1476
47,75.3714
47,73.2536
47,72.1512
47,69.5798
47,71.3016
47,73.8262
47,70.7833
47,70.2659
47,71.9214
47,71.3631
47,74.0206
47,75.2786
47,72.2619
47,73.3663
47,76.406
47,72.6929
47,71.081
47,72.1242
47,75.1405
48,75.4913
48,79.2643
48,75.2024
48,81.8857
48,76.1262
48,76.2988
48,71.6107
48,77.9214
48,73.969
48,79.1048
48,77.7548
48,81.8762
48,77.8988
48,70.8409
48,72.2143
48,78.8532
48,76.7913
48,77.981
48,73.5571
48,76.0821
48,76.1452
48,81.6278
48,74.7012
48,77.9333
48,77.181
48,73.0913
48,77.9762
48,79.6095
48,74.773
48,76.769
49,78.3056
49,76.8865
49,77.4131
49,73.7643
49,76.225
49,79.7698
49,78.9095
49,72.9329
49,74.3409
49,77.1726
49,80.225
49,78.952
49,86.4798
49,77.7683
49,82.4302
49,74.7714
49,78.6905
49,77.9012
49,77.3226
49,75.6028
49,81.0024
49,79.9536
49,79.5833
49,78.2036
49,90.7595
49,76.3714
49,83.6885
49,84.3794
49,75.1786
49,73.7179
50,79.4
50,82.5119
50,76.3393
50,82.1008
50,79.2718
50,76.8103
50,78.2571
50,84.5329
50,80.3274
50,82.0345
50,82.9988
50,80.4103
50,80.6357
50,80.3837
50,77.9214
50,78.6536
50,80.5417
50,81.4107
50,71.8976
50,75.3583
50,79.0202
50,83.096
50,82.475
50,81.7552
50,79.3119
50,75.9024
50,79.3155
50,86.8595
50,79.3714
50,78.0579
51,77.6421
51,80.1607
51,80.3103
51,81.6917
51,84.181
51,81.8036
51,78.6817
51,76.4155
51,77.1476
51,75.0524
51,81.6107
51,84.8917
51,89.3595
51,77.4218
51,84.5417
51,83.1298
51,83.5583
51,80.5623
51,79.9873
51,77.4464
51,85.9143
51,81.1063
51,79.6933
51,80.0821
51,88.8714
51,79.4155
51,82.7651
51,79.8917
51,77.1817
51,78.9615
52,82.948
52,78.1286
52,81.8845
52,81.9889
52,89.0944
52,82.8333
52,84.169
52,79.7226
52,80.2024
52,80.0222
52,83.1258
52,79.9698
52,86.0524
52,78.4655
52,78.1429
52,86.9643
52,86.3131
52,95.7595
52,84.856
52,85.3
52,82.8821
52,77.2913
52,82.823
52,92.7206
52,84.1996
52,83.044
52,92.3738
52,86.3222
52,82.7345
52,83.1345
53,87.5631
53,88.6131
53,87.881
53,89.1028
53,82.4
53,86.144
53,81.4901
53,83.2167
53,87.6317
53,86.4278
53,90.1373
53,84.6905
53,85.7405
53,91.9048
53,84.8
53,80.6627
53,90.9139
53,82.7071
53,81.6524
53,84.9774
53,87.1266
53,90.0151
53,83.15
53,85.7044
53,82.1238
53,90.2873
53,84.5028
53,81.2976
53,87.598
53,84.6143
54,93.0964
54,89.177
54,85.7048
54,91.8417
54,89.5107
54,84.0437
54,86.894
54,87.0849
54,84.6548
54,87.1401
54,87.95
54,94.331
54,82.2032
54,85.7917
54,82.9278
54,90.4194
54,87.744
54,87.9524
54,87.3056
54,90.1476
54,81.175
54,84.3151
54,87.2321
54,84.9917
54,84.0302
54,88.223
54,90.0063
54,90.456
54,89.0052
54,85.7417
55,87.3655
55,87.5016
55,85.4619
55,94.6901
55,86.6127
55,91.6369
55,91.2135
55,86.6869
55,86.9714
55,87.6429
55,90.5853
55,90.5242
55,89.8861
55,83.2119
55,93.1083
55,89.2698
55,86.9821
55,83.4929
55,90.6321
55,98.8635
55,89.625
55,91.7734
55,87.6052
55,88.0524
55,92.0833
55,87.6048
55,88.2516
55,95.5079
55,96.2393
55,88.2325
56,84.1909
56,89.5123
56,93.5179
56,84.1734
56,83.8817
56,91.8048
56,96.1925
56,95.5905
56,93.2726
56,92.8179
56,88.8698
56,89.3774
56,92.2675
56,94.05
56,95.2071
56,86.3083
56,92.0825
56,99.8929
56,91.3456
56,87.3504
56,89.154
56,93.9063
56,86.9881
56,86.2016
56,86.7659
56,89.023
56,88.9738
56,86.0758
56,99.0143
56,89.596
57,89.8643
57,95.4163
57,96.2246
57,95.827
57,93.6429
57,101.429
57,91.4357
57,87.4437
57,90.9421
57,86.7012
57,87.8393
57,95.2679
57,96.9095
57,97.1937
57,89.6833
57,90.8274
57,94.6226
57,97.5968
57,95.9429
57,94.7139
57,95.6821
57,86.2266
57,89.3071
57,93.7786
57,93.6536
57,90.2825
57,91.206
57,97.3143
57,91.4262
57,89.0429
58,97.1095
58,93.4123
58,92.781
58,92.4433
58,95.2635
58,87.3131
58,96.2643
58,95.6488
58,99.1651
58,92.3385
58,93.9413
58,98.054
58,96.4659
58,90.4119
58,90.4663
58,99.2583
58,102.667
58,95.0274
58,90.7607
58,91.4631
58,105.405
58,93.9353
58,93.3345
58,95.9524
58,94.1798
58,97.402
58,95.5821
58,97.425
58,98.319
58,92.1532
59,99.6607
59,99.7214
59,95.1
59,91.5976
59,96.1595
59,101.408
59,97.4421
59,90.081
59,98.8579
59,89.023
59,101.502
59,91.5099
59,92.2925
59,88.0214
59,98.5893
59,96.075
59,98.1119
59,93.4583
59,95.5552
59,90.7607
59,92.1984
59,93.5214
59,95.7798
59,100.75
59,98.198
59,106.198
59,106.789
59,93.8988
59,97.4433
59,92.5881
60,95.9083
60,110.362
60,95.9091
60,94.1508
60,95.4889
60,103.404
60,96.7623
60,98.0349
60,98.4321
60,98.5702
60,98.3952
60,98.5968
60,97.3988
60,95.6397
60,97.371
60,97.0571
60,90.7032
60,100.963
60,96.0464
60,92.0655
60,94.9087
60,99.3214
60,92.7905
60,102.27
60,95.1845
60,94.0786
60,103.926
60,103.461
60,99.0595
60,97.0607
61,97.3857
61,99.6492
61,101.949
61,98.0925
61,102.867
61,94.4079
61,97.919
61,98.6595
61,102.393
61,101.713
61,94.9671
61,109.004
61,95.5988
61,103.483
61,99.4702
61,99.75
61,95.5631
61,101.061
61,111.056
61,99.5774
61,101.686
61,98.1571
61,94.2631
61,100.964
61,100.244
61,95.5083
61,100.405
61,91.6298
61,106.268
61,98.7429
62,108.398
62,98.6095
62,98.7829
62,102.577
62,99.6095
62,103.576
62,99.3095
62,106.589
62,101.22
62,99.4254
62,93.8583
62,97.5393
62,109.337
62,96.4976
62,100.127
62,98.0802
62,108.801
62,101.242
62,104.302
62,96.5329
62,104.151
62,102.821
62,105.881
62,109.512
62,99.4476
62,101.167
62,97.1167
62,102.594
62,101.962
62,96.5754
63,102.835
63,104.58
63,101.7
63,106.733
63,107.06
63,113.975
63,104.992
63,103.242
63,96.2603
63,99.8226
63,96.1167
63,100.092
63,108.008
63,97.9067
63,102.406
63,101.724
63,103.353
63,107.846
63,103.088
63,104.54
63,97.8123
63,96.173
63,114.119
63,99.4476
63,107.32
63,101.232
63,109.039
63,108.482
63,108.768
63,103.472
64,108.121
64,106.543
64,109.77
64,105.732
64,100.108
64,109.718
64,106.2
64,100.549
64,102.174
64,103.286
64,103.301
64,101.925
64,105.246
64,113.608
64,106.139
64,102.267
64,105.446
64,103.048
64,111.09
64,111.567
64,98.4048
64,106.056
64,101.732
64,101.337
64,105.45
64,115.021
64,101.587
64,100.806
64,105.607
64,106.433
65,110.104
65,104.881
65,105.817
65,103.39
65,101.252
65,110.867
65,107.498
65,111.127
65,111.861
65,104.394
65,107.078
65,110.3
65,107.383
65,100.195
65,107.001
65,109.323
65,110.481
65,108.327
65,105.375
65,112.291
65,110.576
65,107.838
65,112.502
65,115.937
65,103.501
65,105.465
65,100.534
65,107.633
65,104.66
65,105.312
66,100.012
66,110.92
66,107.31
66,105.742
66,109.281
66,114.986
66,110.5
66,113.905
66,112.926
66,105.183
66,113.728
66,107.793
66,109.29
66,107.11
66,103.806
66,113.229
66,113.179
66,102.738
66,101.999
66,100.651
66,116.993
66,106.438
66,115.75
66,105.162
66,111.404
66,119.37
66,112.255
66,108.03
66,113.817
66,114.449
67,117.493
67,102.669
67,111.658
67,109.395
67,107.206
67,110.121
67,112.829
67,115.837
67,105.533
67,110.065
67,104.955
67,105.972
67,121.165
67,110.621
67,113.727
67,111.223
67,107.09
67,112.39
67,115.181
67,108.371
67,103.537
67,106.907
67,115.133
67,111.219
67,111.88
67,111.513
67,112.061
67,110.33
67,115.684
67,116.36
68,113.962
68,111.033
68,121.836
68,109.964
68,112.944
68,117.25
68,109.491
68,113.773
68,112.219
68,122.735
68,115.769
68,113.332
68,112.442
68,111.781
68,108.84
68,116.91
68,107.126
68,111.625
68,104.365
68,115.695
68,111.467
68,112.383
68,118.354
68,115.077
68,114.351
68,108.882
68,116.73
68,103.925
68,111.985
68,111.931
69,112.87
69,115.017
69,108.406
69,113.663
69,108.556
69,118.557
69,118.948
69,110.047
69,111.406
69,110.792
69,115.321
69,122.873
69,112.996
69,112.589
69,115.656
69,116.474
69,119.117
69,116.427
69,112.172
69,111.915
69,113.155
69,111.427
69,111.869
69,111.633
69,112.89
69,114.659
69,110.873
69,108.747
69,122.192
69,119.615
70,117.758
70,114.742
70,112.592
70,112.451
70,116.651
70,119.244
70,112.464
70,120.112
70,113.825
70,116.886
70,110.181
70,121.242
70,119.374
70,115.829
70,116.643
70,115.315
70,113.11
70,121.856
70,121.133
70,122.226
70,131.033
70,113.0
70,111.888
70,112.375
70,108.989
70,114.352
70,114.431
70,115.474
70,121.917
70,123.623
71,118.646
71,117.217
71,116.96
71,122.385
71,109.956
71,124.411
71,120.688
71,120.961
71,112.572
71,116.501
71,121.652
71,119.406
71,117.207
71,123.663
71,121.414
71,121.232
71,120.293
71,116.979
71,119.33
71,113.158
71,112.123
71,111.365
71,121.243
71,115.469
71,109.094
71,110.123
71,120.35
71,120.7
71,112.989
71,121.794
72,118.409
72,127.942
72,125.008
72,123.123
72,120.435
72,113.77
72,131.425
72,120.321
72,119.435
72,112.909
72,120.694
72,120.761
72,122.981
72,117.962
72,118.881
72,116.117
72,121.96
72,118.385
72,124.691
72,116.254
72,122.458
72,118.126
72,127.379
72,125.12
72,121.037
72,119.099
72,119.74
72,120.995
72,119.218
72,130.02
73,127.266
73,124.781
73,115.574
73,121.932
73,118.183
73,127.654
73,123.837
73,119.151
73,125.7
73,121.11
73,126.819
73,128.674
73,117.44
73,127.022
73,125.066
73,122.045
73,123.156
73,116.962
73,111.659
73,122.026
73,115.024
73,126.163
73,117.42
73,123.635
73,116.348
73,125.679
73,129.021
73,125.741
73,125.279
73,126.411
74,126.857
74,120.621
74,122.561
74,123.227
74,119.392
74,129.098
74,130.421
74,122.315
74,123.396
74,125.554
74,121.734
74,126.123
74,119.881
74,120.006
74,135.702
74,122.806
74,123.746
74,121.609
74,128.758
74,129.398
74,135.063
74,114.387
74,118.983
74,116.725
74,129.905
74,124.772
74,123.792
74,126.151
74,123.998
74,119.188
75,130.757
75,123.403
75,130.425
75,124.095
75,123.956
75,125.058
75,116.38
75,120.402
75,127.15
75,124.854
75,129.242
75,135.469
75,119.714
75,120.868
75,131.217
75,119.947
75,127.227
75,123.239
75,133.931
75,125.657
75,125.019
75,125.575
75,126.654
75,121.647
75,115.589
75,130.66
75,121.552
75,129.539
75,120.327
75,123.382
76,128.212
76,130.385
76,127.137
76,123.248
76,132.198
76,127.623
76,122.524
76,127.857
76,126.001
76,135.391
76,127.625
76,122.092
76,124.686
76,140.267
76,129.559
76,130.256
76,126.882
76,128.412
76,126.808
76,126.065
76,125.143
76,127.432
76,125.449
76,128.437
76,125.813
76,123.065
76,128.283
76,127.452
76,125.318
76,129.54
77,134.213
77,139.992
77,128.17
77,129.112
77,139.119
77,124.519
77,120.738
77,133.012
77,132.788
77,130.64
77,126.441
77,124.034
77,130.154
77,132.542
77,123.726
77,127.879
77,131.313
77,130.625
77,131.688
77,133.092
77,121.671
77,129.987
77,133.214
77,132.524
77,130.597
77,128.908
77,132.559
77,121.924
77,124.718
77,115.754
78,121.428
78,136.624
78,129.662
78,134.996
78,136.534
78,131.94
78,135.346
78,129.845
78,130.635
78,132.085
78,144.612
78,129.635
78,127.731
78,133.821
78,132.593
78,135.565
78,127.716
78,145.179
78,127.627
78,132.148
78,136.309
78,130.799
78,138.801
78,134.437
78,135.814
78,131.168
78,135.681
78,137.203
78,134.835
78,134.91
79,141.22
79,127.74
79,136.637
79,127.908
79,126.613
79,141.019
79,136.254
79,138.761
79,138.656
79,136.101
79,131.311
79,127.202
79,124.026
79,132.773
79,131.169
79,147.981
79,135.533
79,134.094
79,135.253
79,136.601
79,132.751
79,135.358
79,135.006
79,131.505
79,132.142
79,127.394
79,137.326
79,129.537
79,121.904
79,131.571
80,145.154
80,129.908
80,144.035
80,138.702
80,139.18
80,130.674
80,138.437
80,128.788
80,143.355
80,137.301
80,133.184
80,136.892
80,132.965
80,133.536
80,132.448
80,137.023
80,143.569
80,142.929
80,131.263
80,132.891
80,127.106
80,133.998
80,132.765
80,132.833
80,134.906
80,139.721
80,127.567
80,132.417
80,131.79
80,129.325
81,142.496
81,137.625
81,135.181
81,135.935
81,139.314
81,138.022
81,143.037
81,149.448
81,136.69
81,138.165
81,131.611
81,137.455
81,136.815
81,146.242
81,144.208
81,131.19
81,132.848
81,142.261
81,144.227
81,142.446
81,140.572
81,137.619
81,146.94
81,134.786
81,140.688
81,137.526
81,129.838
81,141.45
81,137.757
81,145.36
82,136.259
82,134.137
82,137.806
82,138.24
82,137.065
82,139.715
82,139.833
82,140.85
82,128.633
82,145.964
82,138.56
82,142.377
82,143.237
82,138.608
82,138.988
82,138.431
82,140.496
82,134.381
82,137.677
82,139.138
82,136.049
82,127.319
82,139.64
82,137.202
82,142.543
82,151.266
82,138.894
82,131.386
82,138.114
82,141.149
83,143.456
83,140.208
83,152.126
83,142.78
83,146.22
83,142.396
83,143.169
83,149.448
83,153.525
83,140.036
83,136.999
83,139.169
83,146.511
83,139.635
83,144.44
83,134.571
83,130.075
83,144.627
83,146.61
83,144.062
83,141.337
83,130.587
83,141.308
83,140.814
83,146.879
83,137.62
83,139.229
83,139.968
83,140.25
83,140.24
84,142.943
84,137.463
84,147.875
84,141.314
84,141.165
84,146.306
84,137.142
84,146.023
84,143.848
84,135.627
84,131.981
84,146.435
84,137.968
84,142.395
84,147.854
84,143.765
84,138.453
84,140.954
84,150.59
84,139.748
84,151.668
84,140.25
84,141.834
84,148.369
84,137.803
84,143.475
84,132.173
84,144.014
84,138.186
84,147.689
85,144.235
85,138.592
85,158.727
85,145.243
85,148.016
85,148.356
85,144.188
85,133.917
85,138.952
85,149.098
85,143.529
85,148.271
85,147.287
85,157.979
85,141.419
85,150.438
85,133.485
85,142.234
85,136.385
85,142.689
85,147.667
85,147.774
85,142.104
85,153.522
85,138.6
85,146.462
85,144.772
85,145.294
85,139.018
85,147.695
86,152.223
86,146.795
86,156.585
86,138.831
86,139.527
86,164.635
86,147.132
86,143.305
86,140.458
86,140.537
86,145.293
86,159.195
86,149.292
86,140.125
86,140.383
86,145.637
86,151.147
86,149.553
86,137.292
86,145.705
86,163.585
86,141.849
86,138.95
86,142.823
86,154.633
86,142.554
86,146.03
86,158.713
86,149.833
86,142.343
87,141.357
87,149.737
87,141.508
87,151.897
87,144.733
87,156.513
87,142.24
87,151.311
87,149.331
87,146.836
87,136.36
87,146.229
87,157.983
87,136.685
87,146.376
87,144.756
87,144.537
87,137.977
87,142.842
87,161.144
87,147.433
87,148.785
87,158.371
87,153.885
87,150.273
87,146.062
87,146.904
87,150.019
87,143.093
87,156.53
88,153.7
88,150.879
88,150.234
88,150.914
88,146.379
88,149.569
88,155.235
88,154.504
88,150.069
88,156.945
88,166.026
88,152.474
88,142.672
88,145.35
88,152.55
88,158.809
88,146.231
88,141.981
88,147.757
88,148.253
88,158.946
88,151.596
88,154.671
88,156.373
88,142.17
88,150.625
88,150.864
88,143.471
88,148.161
88,137.09
89,153.728
89,152.969
89,158.731
89,151.714
89,156.492
89,148.695
89,154.617
89,156.886
89,151.79
89,154.089
89,156.276
89,152.718
89,151.408
89,147.011
89,151.329
89,155.024
89,146.792
89,160.427
89,150.838
89,158.329
89,150.65
89,149.714
89,158.938
89,144.305
89,151.321
89,147.537
89,143.446
89,160.119
89,157.129
89,169.244
90,150.885
90,160.385
90,150.347
90,169.701
90,151.904
90,151.037
90,147.412
90,169.667
90,144.094
90,147.769
90,148.229
90,156.052
90,149.12
90,146.293
90,154.652
90,144.56
90,155.623
90,158.69
90,159.513
90,157.625
90,155.71
90,162.071
90,154.219
90,160.512
90,149.133
90,159.047
90,154.206
90,165.549
90,160.099
90,158.8
91,154.552
91,150.608
91,146.808
91,152.471
91,153.737
91,157.492
91,151.742
91,154.198
91,155.207
91,148.568
91,156.901
91,153.523
91,160.551
91,155.853
91,161.416
91,162.834
91,148.067
91,161.812
91,149.394
91,155.531
91,151.286
91,169.424
91,151.197
91,151.471
91,158.905
91,165.376
91,153.599
91,155.319
91,147.91
91,158.186
92,150.732
92,155.69
92,183.668
92,159.076
92,166.084
92,155.786
92,159.73
92,161.123
92,154.585
92,156.06
92,155.131
92,152.279
92,149.746
92,153.616
92,168.619
92,159.473
92,157.343
92,152.158
92,155.519
92,159.761
92,155.963
92,150.614
92,162.656
92,150.555
92,162.067
92,165.61
92,157.977
92,157.649
92,158.675
92,161.222
93,161.999
93,150.605
93,173.062
93,168.007
93,160.581
93,164.225
93,162.304
93,153.542
93,163.997
93,166.666
93,173.539
93,159.86
93,162.043
93,149.721
93,167.331
93,159.374
93,167.604
93,156.222
93,158.521
93,159.204
93,152.774
93,162.03
93,164.433
93,159.315
93,154.096
93,164.098
93,164.311
93,184.614
93,154.169
93,172.901
94,159.056
94,159.865
94,166.802
94,156.442
94,164.491
94,160.97
94,155.277
94,171.394
94,163.965
94,151.397
94,166.71
94,169.788
94,152.287
94,163.71
94,172.6
94,164.571
94,162.017
94,159.571
94,157.73
94,158.034
94,168.997
94,164.362
94,165.075
94,165.489
94,165.642
94,155.638
94,163.427
94,165.173
94,171.695
94,162.426
95,164.824
95,175.513
95,160.444
95,170.585
95,161.263
95,171.715
95,161.686
95,170.944
95,160.441
95,157.888
95,158.135
95,162.135
95,175.526
95,166.485
95,153.409
95,167.754
95,174.279
95,159.271
95,157.431
95,153.149
95,172.025
95,155.681
95,177.601
95,163.213
95,163.178
95,170.129
95,167.496
95,168.329
95,170.269
95,156.646
96,161.355
96,164.206
96,174.396
96,170.801
96,170.874
96,171.464
96,167.133
96,171.08
96,152.775
96,181.433
96,173.655
96,177.204
96,175.449
96,165.521
96,175.107
96,165.002
96,159.231
96,165.96
96,153.669
96,165.379
96,173.115
96,156.429
96,172.598
96,163.496
96,165.877
96,170.774
96,170.674
96,153.629
96,161.907
96,163.792
97,172.044
97,170.801
97,177.991
97,163.153
97,169.452
97,167.684
97,168.892
97,159.495
97,171.931
97,172.123
97,167.046
97,159.627
97,164.103
97,167.557
97,162.508
97,157.452
97,177.816
97,161.248
97,172.1
97,167.406
97,168.501
97,180.048
97,161.209
97,151.845
97,170.451
97,164.693
97,174.578
97,162.79
97,163.644
97,167.256
98,160.88
98,163.039
98,160.087
98,170.784
98,161.284
98,180.295
98,167.712
98,166.773
98,160.919
98,165.012
98,165.404
98,172.598
98,164.442
98,176.349
98,189.936
98,166.265
98,186.322
98,173.0
98,164.045
98,166.783
98,154.554
98,173.585
98,167.988
98,177.669
98,169.209
98,164.672
98,175.639
98,180.373
98,171.942
98,172.937
99,184.662
99,176.729
99,169.591
99,159.969
99,170.42
99,181.238
99,167.447
99,169.94
99,166.812
99,171.877
99,167.753
99,163.119
99,169.17
99,172.613
99,166.241
99,158.937
99,184.5
99,176.367
99,168.016
99,172.394
99,177.56
99,168.306
99,175.434
99,174.367
99,176.64
99,172.458
99,180.523
99,167.527
99,171.742
99,172.102
