Number_of_Drones,Routing_Time
1,9.0
1,3.0
1,4.0
1,4.0
1,2.0
1,4.0
1,4.0
1,2.0
1,6.0
1,6.0
1,4.0
1,5.0
1,5.0
1,3.0
1,4.0
1,4.0
1,4.0
1,6.0
1,2.0
1,5.0
1,5.0
1,5.0
1,4.0
1,1.0
1,1.0
1,4.0
1,1.0
1,4.0
1,2.0
1,9.0
2,7.0
2,7.0
2,4.0
2,5.0
2,5.0
2,3.0
2,4.0
2,5.0
2,4.0
2,10.0
2,5.0
2,7.0
2,6.0
2,4.0
2,2.0
2,6.0
2,6.0
2,7.0
2,5.0
2,2.0
2,8.0
2,4.0
2,7.0
2,4.0
2,5.0
2,8.0
2,5.0
2,3.0
2,7.0
2,6.0
3,8.0
3,4.0
3,5.0
3,7.0
3,8.0
3,6.0
3,7.0
3,3.0
3,6.0
3,4.0
3,5.0
3,7.0
3,3.0
3,3.0
3,8.0
3,6.0
3,7.0
3,5.0
3,5.0
3,8.0
3,5.0
3,5.0
3,5.0
3,7.0
3,7.0
3,6.0
3,4.0
3,3.0
3,9.0
3,5.0
4,5.0
4,5.0
4,9.0
4,5.0
4,9.0
4,3.0
4,7.0
4,7.0
4,4.0
4,7.0
4,5.0
4,5.0
4,5.0
4,4.0
4,7.0
4,5.0
4,3.0
4,5.0
4,9.0
4,9.0
4,4.0
4,7.0
4,8.0
4,8.0
4,5.0
4,5.0
4,6.0
4,8.0
4,6.0
4,8.0
5,6.0
5,8.0
5,6.0
5,7.0
5,7.0
5,5.0
5,8.0
5,5.0
5,5.0
5,7.0
5,7.0
5,6.0
5,6.0
5,7.0
5,7.0
5,6.0
5,10.0
5,7.0
5,6.0
5,9.0
5,7.0
5,10.0
5,8.0
5,6.0
5,6.0
5,6.0
5,6.0
5,8.0
5,6.0
5,6.0
6,8.0
6,8.0
6,7.0
6,7.0
6,7.0
6,7.0
6,4.0
6,5.0
6,7.0
6,5.0
6,6.0
6,6.0
6,6.0
6,6.0
6,7.0
6,5.0
6,7.0
6,8.0
6,7.0
6,10.0
6,8.0
6,6.0
6,6.0
6,8.0
6,8.0
6,9.0
6,7.0
6,8.0
6,6.0
6,7.0
7,6.0
7,7.0
7,7.0
7,7.0
7,6.0
7,7.0
7,6.0
7,8.0
7,8.0
7,7.0
7,6.0
7,7.0
7,6.0
7,8.0
7,7.0
7,7.0
7,7.0
7,9.0
7,6.0
7,8.0
7,5.0
7,7.0
7,6.0
7,8.0
7,7.0
7,6.0
7,7.0
7,7.0
7,5.0
7,7.0
8,8.0
8,11.0
8,9.0
8,7.0
8,7.0
8,6.0
8,6.0
8,5.0
8,6.0
8,7.0
8,7.0
8,7.0
8,6.0
8,8.0
8,5.0
8,8.0
8,9.0
8,7.0
8,6.0
8,8.0
8,7.0
8,5.0
8,8.0
8,8.0
8,10.0
8,12.0
8,6.0
8,6.0
8,7.0
8,9.0
9,6.0
9,6.0
9,10.0
9,7.0
9,8.0
9,7.0
9,11.0
9,7.0
9,9.0
9,6.0
9,10.0
9,8.0
9,6.0
9,7.0
9,8.0
9,8.0
9,6.0
9,7.0
9,9.0
9,7.0
9,8.0
9,6.0
9,7.0
9,7.0
9,8.0
9,7.0
9,10.0
9,10.0
9,7.0
9,9.0
10,5.0
10,6.0
10,6.0
10,8.0
10,7.0
10,7.0
10,10.0
10,9.0
10,6.0
10,7.0
10,8.0
10,8.0
10,8.0
10,6.0
10,8.0
10,8.0
10,7.0
10,8.0
10,7.0
10,7.0
10,7.0
10,6.0
10,8.0
10,7.0
10,6.0
10,11.0
10,7.0
10,7.0
10,7.0
10,8.0
11,8.0
11,7.0
11,8.0
11,8.0
11,11.0
11,9.0
11,8.0
11,8.0
11,7.0
11,8.0
11,9.0
11,9.0
11,6.0
11,9.0
11,8.0
11,9.0
11,10.0
11,7.0
11,8.0
11,8.0
11,8.0
11,7.0
11,7.0
11,7.0
11,9.0
11,7.0
11,9.0
11,10.0
11,8.0
11,9.0
12,11.0
12,9.0
12,8.0
12,8.0
12,9.0
12,9.0
12,7.0
12,8.0
12,10.0
12,7.0
12,7.0
12,9.0
12,9.0
12,9.0
12,8.0
12,8.0
12,8.0
12,8.0
12,8.0
12,7.0
12,10.0
12,9.0
12,8.0
12,9.0
12,11.0
12,10.0
12,7.0
12,9.0
12,7.0
12,7.0
13,8.0
13,11.0
13,8.0
13,10.0
13,11.0
13,9.0
13,8.0
13,9.0
13,9.0
13,7.0
13,8.0
13,11.0
13,7.0
13,10.0
13,9.0
13,7.0
13,8.0
13,10.0
13,9.0
13,8.0
13,8.0
13,9.0
13,10.0
13,8.0
13,8.0
13,8.0
13,9.0
13,7.0
13,7.0
13,7.0
14,10.0
14,7.0
14,9.0
14,8.0
14,10.0
14,7.0
14,7.0
14,9.0
14,9.0
14,9.0
14,9.0
14,8.0
14,7.0
14,7.0
14,11.0
14,8.0
14,7.0
14,8.0
14,9.0
14,7.0
14,8.0
14,7.0
14,9.0
14,7.0
14,8.0
14,10.0
14,9.0
14,11.0
14,8.0
14,10.0
15,9.0
15,8.0
15,10.0
15,10.0
15,9.0
15,10.0
15,7.0
15,10.0
15,9.0
15,10.0
15,8.0
15,12.0
15,8.0
15,9.0
15,8.0
15,11.0
15,8.0
15,8.0
15,10.0
15,10.0
15,9.0
15,9.0
15,8.0
15,7.0
15,10.0
15,10.0
15,10.0
15,11.0
15,7.0
15,7.0
16,12.0
16,9.0
16,9.0
16,7.0
16,10.0
16,9.0
16,8.0
16,8.0
16,10.0
16,10.0
16,8.0
16,8.0
16,8.0
16,9.0
16,10.0
16,10.0
16,10.0
16,8.0
16,9.0
16,9.0
16,8.0
16,11.0
16,7.0
16,8.0
16,9.0
16,8.0
16,9.0
16,8.0
16,11.0
16,9.0
17,9.0
17,9.0
17,10.0
17,9.0
17,10.0
17,8.0
17,11.0
17,10.0
17,9.0
17,7.0
17,10.0
17,10.0
17,10.0
17,11.0
17,9.0
17,9.0
17,8.0
17,8.0
17,8.0
17,10.0
17,13.0
17,8.0
17,10.0
17,9.0
17,12.0
17,11.0
17,10.0
17,10.0
17,10.0
17,10.0
18,8.0
18,10.0
18,9.0
18,10.0
18,7.0
18,12.0
18,8.0
18,9.0
18,10.0
18,10.0
18,10.0
18,12.0
18,10.0
18,9.0
18,8.0
18,10.0
18,9.0
18,7.0
18,9.0
18,9.0
18,9.0
18,9.0
18,9.0
18,9.0
18,9.0
18,10.0
18,11.0
18,8.0
18,8.0
18,12.0
19,9.0
19,10.0
19,9.0
19,9.0
19,12.0
19,12.0
19,11.0
19,9.0
19,13.0
19,10.0
19,11.0
19,12.0
19,10.0
19,10.0
19,9.0
19,11.0
19,11.0
19,9.0
19,9.0
19,10.0
19,10.0
19,11.0
19,9.0
19,8.0
19,12.0
19,11.0
19,10.0
19,8.0
19,8.0
19,9.0
20,9.0
20,12.0
20,9.0
20,10.0
20,11.0
20,10.0
20,10.0
20,9.0
20,10.0
20,11.0
20,9.0
20,10.0
20,12.0
20,9.0
20,9.0
20,8.0
20,10.0
20,10.0
20,11.0
20,8.0
20,10.0
20,8.0
20,11.0
20,9.0
20,9.0
20,9.0
20,10.0
20,11.0
20,11.0
20,11.0
21,11.0
21,10.0
21,15.0
21,10.0
21,11.0
21,8.0
21,10.0
21,10.0
21,8.0
21,12.0
21,11.0
21,12.0
21,9.0
21,12.0
21,9.0
21,12.0
21,9.0
21,8.0
21,10.0
21,12.0
21,11.0
21,10.0
21,10.0
21,11.0
21,11.0
21,9.0
21,13.0
21,9.0
21,10.0
21,12.0
22,11.0
22,10.0
22,11.0
22,10.0
22,13.0
22,12.0
22,9.0
22,11.0
22,10.0
22,10.0
22,11.0
22,12.0
22,13.0
22,9.0
22,10.0
22,9.0
22,10.0
22,12.0
22,11.0
22,11.0
22,9.0
22,12.0
22,10.0
22,11.0
22,12.0
22,11.0
22,10.0
22,11.0
22,14.0
22,14.0
23,14.0
23,10.0
23,9.0
23,11.0
23,12.0
23,8.0
23,13.0
23,11.0
23,11.0
23,10.0
23,12.0
23,12.0
23,15.0
23,12.0
23,11.0
23,10.0
23,11.0
23,12.0
23,9.0
23,10.0
23,13.0
23,10.0
23,10.0
23,9.0
23,10.0
23,12.0
23,9.0
23,13.0
23,10.0
23,10.0
24,11.0
24,9.0
24,14.0
24,10.0
24,9.0
24,11.0
24,11.0
24,14.0
24,11.0
24,11.0
24,13.0
24,13.0
24,12.0
24,11.0
24,11.0
24,9.0
24,9.0
24,10.0
24,11.0
24,10.0
24,9.0
24,9.0
24,12.0
24,11.0
24,10.0
24,12.0
24,13.0
24,11.0
24,11.0
24,11.0
25,13.0
25,13.0
25,10.0
25,12.0
25,13.0
25,10.0
25,12.0
25,13.0
25,12.0
25,11.0
25,10.0
25,14.0
25,13.0
25,10.0
25,10.0
25,9.0
25,11.0
25,12.0
25,10.0
25,12.0
25,14.0
25,12.0
25,12.0
25,10.0
25,10.0
25,11.0
25,14.0
25,9.0
25,12.0
25,12.0
26,13.0
26,11.0
26,12.0
26,10.0
26,10.0
26,13.0
26,11.0
26,12.0
26,13.0
26,14.0
26,13.0
26,11.0
26,10.0
26,11.0
26,12.0
26,11.0
26,10.0
26,14.0
26,12.0
26,14.0
26,11.0
26,12.0
26,11.0
26,11.0
26,11.0
26,11.0
26,12.0
26,11.0
26,15.0
26,12.0
27,11.0
27,12.0
27,11.0
27,9.0
27,12.0
27,11.0
27,13.0
27,13.0
27,11.0
27,11.0
27,13.0
27,8.0
27,11.0
27,10.0
27,11.0
27,10.0
27,11.0
27,13.0
27,11.0
27,13.0
27,14.0
27,12.0
27,12.0
27,10.0
27,11.0
27,12.0
27,12.0
27,11.0
27,12.0
27,11.0
28,10.0
28,13.0
28,12.0
28,13.0
28,10.0
28,15.0
28,10.0
28,13.0
28,14.0
28,10.0
28,11.0
28,11.0
28,10.0
28,11.0
28,13.0
28,11.0
28,10.0
28,12.0
28,13.0
28,12.0
28,12.0
28,15.0
28,11.0
28,10.0
28,11.0
28,15.0
28,15.0
28,11.0
28,12.0
28,13.0
29,14.0
29,12.0
29,14.0
29,11.0
29,12.0
29,12.0
29,12.0
29,10.0
29,13.0
29,10.0
29,15.0
29,11.0
29,11.0
29,15.0
29,10.0
29,15.0
29,12.0
29,12.0
29,14.0
29,15.0
29,11.0
29,12.0
29,12.0
29,12.0
29,10.0
29,9.0
29,12.0
29,10.0
29,10.0
29,12.0
30,12.0
30,11.0
30,11.0
30,13.0
30,13.0
30,14.0
30,12.0
30,13.0
30,12.0
30,12.0
30,13.0
30,11.0
30,13.0
30,12.0
30,11.0
30,14.0
30,12.0
30,12.0
30,11.0
30,12.0
30,12.0
30,11.0
30,13.0
30,12.0
30,12.0
30,14.0
30,11.0
30,13.0
30,13.0
30,14.0
31,13.0
31,12.0
31,13.0
31,14.0
31,10.0
31,12.0
31,13.0
31,13.0
31,13.0
31,12.0
31,15.0
31,11.0
31,13.0
31,10.0
31,11.0
31,14.0
31,10.0
31,15.0
31,13.0
31,14.0
31,16.0
31,15.0
31,12.0
31,13.0
31,14.0
31,15.0
31,12.0
31,13.0
31,14.0
31,12.0
32,12.0
32,10.0
32,16.0
32,12.0
32,12.0
32,13.0
32,12.0
32,13.0
32,13.0
32,12.0
32,14.0
32,14.0
32,13.0
32,13.0
32,12.0
32,13.0
32,12.0
32,15.0
32,11.0
32,11.0
32,13.0
32,16.0
32,13.0
32,13.0
32,13.0
32,15.0
32,14.0
32,14.0
32,14.0
32,10.0
33,14.0
33,12.0
33,12.0
33,12.0
33,14.0
33,18.0
33,12.0
33,12.0
33,13.0
33,15.0
33,12.0
33,12.0
33,14.0
33,11.0
33,14.0
33,12.0
33,14.0
33,13.0
33,12.0
33,12.0
33,12.0
33,14.0
33,15.0
33,17.0
33,13.0
33,12.0
33,14.0
33,14.0
33,12.0
33,14.0
34,12.0
34,15.0
34,14.0
34,14.0
34,13.0
34,13.0
34,15.0
34,15.0
34,14.0
34,11.0
34,13.0
34,13.0
34,13.0
34,14.0
34,13.0
34,16.0
34,13.0
34,12.0
34,11.0
34,12.0
34,12.0
34,15.0
34,14.0
34,15.0
34,11.0
34,13.0
34,15.0
34,11.0
34,11.0
34,13.0
35,18.0
35,13.0
35,12.0
35,12.0
35,16.0
35,13.0
35,15.0
35,13.0
35,14.0
35,12.0
35,14.0
35,16.0
35,14.0
35,13.0
35,11.0
35,12.0
35,14.0
35,13.0
35,16.0
35,14.0
35,15.0
35,12.0
35,14.0
35,14.0
35,12.0
35,13.0
35,13.0
35,11.0
35,12.0
35,15.0
36,16.0
36,12.0
36,12.0
36,12.0
36,13.0
36,15.0
36,15.0
36,15.0
36,15.0
36,11.0
36,12.0
36,13.0
36,16.0
36,13.0
36,15.0
36,14.0
36,14.0
36,15.0
36,15.0
36,13.0
36,14.0
36,14.0
36,12.0
36,13.0
36,13.0
36,13.0
36,12.0
36,13.0
36,13.0
36,14.0
37,15.0
37,11.0
37,14.0
37,13.0
37,15.0
37,15.0
37,12.0
37,16.0
37,12.0
37,14.0
37,14.0
37,13.0
37,14.0
37,14.0
37,14.0
37,16.0
37,14.0
37,11.0
37,12.0
37,16.0
37,17.0
37,16.0
37,15.0
37,15.0
37,14.0
37,16.0
37,13.0
37,13.0
37,15.0
37,14.0
38,15.0
38,14.0
38,14.0
38,13.0
38,16.0
38,15.0
38,13.0
38,12.0
38,15.0
38,14.0
38,15.0
38,14.0
38,13.0
38,20.0
38,17.0
38,13.0
38,15.0
38,15.0
38,14.0
38,17.0
38,14.0
38,12.0
38,14.0
38,16.0
38,13.0
38,13.0
38,14.0
38,14.0
38,14.0
38,15.0
39,15.0
39,15.0
39,13.0
39,14.0
39,14.0
39,16.0
39,16.0
39,14.0
39,14.0
39,15.0
39,13.0
39,15.0
39,13.0
39,15.0
39,15.0
39,17.0
39,12.0
39,12.0
39,15.0
39,14.0
39,16.0
39,16.0
39,16.0
39,13.0
39,16.0
39,14.0
39,15.0
39,20.0
39,14.0
39,17.0
40,15.0
40,16.0
40,16.0
40,14.0
40,14.0
40,14.0
40,15.0
40,18.0
40,14.0
40,15.0
40,13.0
40,17.0
40,15.0
40,14.0
40,14.0
40,17.0
40,14.0
40,15.0
40,13.0
40,16.0
40,12.0
40,15.0
40,16.0
40,14.0
40,17.0
40,13.0
40,14.0
40,16.0
40,14.0
40,15.0
41,16.0
41,17.0
41,15.0
41,14.0
41,13.0
41,12.0
41,15.0
41,14.0
41,14.0
41,15.0
41,12.0
41,15.0
41,15.0
41,17.0
41,15.0
41,16.0
41,14.0
41,16.0
41,15.0
41,14.0
41,16.0
41,14.0
41,14.0
41,17.0
41,15.0
41,16.0
41,14.0
41,16.0
41,14.0
41,17.0
42,14.0
42,18.0
42,16.0
42,17.0
42,16.0
42,16.0
42,13.0
42,17.0
42,14.0
42,16.0
42,15.0
42,14.0
42,20.0
42,17.0
42,17.0
42,15.0
42,15.0
42,16.0
42,15.0
42,16.0
42,14.0
42,16.0
42,14.0
42,15.0
42,12.0
42,14.0
42,16.0
42,14.0
42,17.0
42,18.0
43,17.0
43,14.0
43,15.0
43,16.0
43,13.0
43,15.0
43,16.0
43,15.0
43,15.0
43,16.0
43,14.0
43,15.0
43,17.0
43,14.0
43,19.0
43,16.0
43,16.0
43,15.0
43,15.0
43,16.0
43,17.0
43,14.0
43,15.0
43,19.0
43,14.0
43,14.0
43,15.0
43,15.0
43,16.0
43,16.0
44,15.0
44,15.0
44,19.0
44,16.0
44,15.0
44,15.0
44,15.0
44,12.0
44,17.0
44,15.0
44,13.0
44,16.0
44,16.0
44,17.0
44,17.0
44,15.0
44,16.0
44,16.0
44,14.0
44,18.0
44,16.0
44,16.0
44,14.0
44,17.0
44,14.0
44,14.0
44,15.0
44,15.0
44,16.0
44,16.0
45,18.0
45,17.0
45,18.0
45,15.0
45,18.0
45,16.0
45,16.0
45,15.0
45,14.0
45,18.0
45,15.0
45,19.0
45,17.0
45,18.0
45,15.0
45,14.0
45,14.0
45,19.0
45,15.0
45,18.0
45,16.0
45,15.0
45,17.0
45,12.0
45,16.0
45,17.0
45,15.0
45,16.0
45,15.0
45,14.0
46,22.0
46,15.0
46,16.0
46,15.0
46,18.0
46,19.0
46,15.0
46,16.0
46,15.0
46,15.0
46,14.0
46,19.0
46,17.0
46,21.0
46,16.0
46,15.0
46,15.0
46,20.0
46,17.0
46,19.0
46,16.0
46,15.0
46,17.0
46,16.0
46,18.0
46,16.0
46,15.0
46,14.0
46,19.0
46,15.0
47,17.0
47,16.0
47,14.0
47,17.0
47,16.0
47,15.0
47,18.0
47,16.0
47,18.0
47,19.0
47,16.0
47,15.0
47,15.0
47,15.0
47,16.0
47,15.0
47,18.0
47,17.0
47,16.0
47,18.0
47,18.0
47,17.0
47,19.0
47,16.0
47,16.0
47,17.0
47,16.0
47,15.0
47,18.0
47,19.0
48,18.0
48,19.0
48,14.0
48,18.0
48,18.0
48,16.0
48,15.0
48,18.0
48,20.0
48,17.0
48,16.0
48,18.0
48,19.0
48,17.0
48,19.0
48,17.0
48,20.0
48,15.0
48,17.0
48,15.0
48,14.0
48,17.0
48,15.0
48,18.0
48,17.0
48,17.0
48,17.0
48,17.0
48,17.0
48,16.0
49,14.0
49,18.0
49,18.0
49,16.0
49,20.0
49,18.0
49,19.0
49,19.0
49,19.0
49,15.0
49,17.0
49,15.0
49,16.0
49,16.0
49,20.0
49,17.0
49,18.0
49,15.0
49,16.0
49,16.0
49,16.0
49,19.0
49,16.0
49,19.0
49,18.0
49,19.0
49,18.0
49,19.0
49,17.0
49,14.0
50,16.0
50,17.0
50,16.0
50,14.0
50,20.0
50,17.0
50,14.0
50,20.0
50,18.0
50,18.0
50,18.0
50,15.0
50,16.0
50,19.0
50,16.0
50,19.0
50,18.0
50,17.0
50,17.0
50,16.0
50,19.0
50,17.0
50,15.0
50,19.0
50,18.0
50,18.0
50,19.0
50,16.0
50,18.0
50,17.0
51,20.0
51,19.0
51,20.0
51,18.0
51,17.0
51,19.0
51,19.0
51,17.0
51,16.0
51,15.0
51,17.0
51,15.0
51,17.0
51,15.0
51,18.0
51,20.0
51,16.0
51,17.0
51,16.0
51,20.0
51,18.0
51,19.0
51,19.0
51,20.0
51,17.0
51,18.0
51,19.0
51,18.0
51,19.0
51,19.0
52,19.0
52,15.0
52,16.0
52,17.0
52,20.0
52,19.0
52,18.0
52,18.0
52,19.0
52,17.0
52,17.0
52,17.0
52,17.0
52,18.0
52,15.0
52,16.0
52,17.0
52,19.0
52,17.0
52,15.0
52,17.0
52,20.0
52,19.0
52,23.0
52,18.0
52,17.0
52,18.0
52,19.0
52,16.0
52,19.0
53,19.0
53,17.0
53,18.0
53,20.0
53,20.0
53,18.0
53,16.0
53,19.0
53,20.0
53,17.0
53,18.0
53,21.0
53,16.0
53,17.0
53,18.0
53,18.0
53,18.0
53,19.0
53,18.0
53,17.0
53,16.0
53,16.0
53,16.0
53,18.0
53,19.0
53,17.0
53,15.0
53,22.0
53,17.0
53,18.0
54,18.0
54,18.0
54,18.0
54,17.0
54,16.0
54,19.0
54,18.0
54,18.0
54,18.0
54,16.0
54,18.0
54,17.0
54,17.0
54,20.0
54,17.0
54,21.0
54,17.0
54,16.0
54,16.0
54,18.0
54,19.0
54,20.0
54,20.0
54,21.0
54,21.0
54,16.0
54,21.0
54,18.0
54,19.0
54,21.0
55,19.0
55,17.0
55,20.0
55,18.0
55,19.0
55,20.0
55,16.0
55,16.0
55,17.0
55,16.0
55,19.0
55,20.0
55,21.0
55,21.0
55,16.0
55,19.0
55,17.0
55,20.0
55,16.0
55,19.0
55,20.0
55,17.0
55,19.0
55,18.0
55,18.0
55,15.0
55,20.0
55,18.0
55,20.0
55,23.0
56,16.0
56,20.0
56,18.0
56,20.0
56,16.0
56,19.0
56,20.0
56,20.0
56,26.0
56,19.0
56,19.0
56,19.0
56,20.0
56,17.0
56,19.0
56,18.0
56,18.0
56,19.0
56,19.0
56,20.0
56,18.0
56,17.0
56,18.0
56,17.0
56,21.0
56,18.0
56,15.0
56,16.0
56,21.0
56,19.0
57,22.0
57,20.0
57,17.0
57,19.0
57,17.0
57,18.0
57,20.0
57,17.0
57,18.0
57,20.0
57,19.0
57,22.0
57,19.0
57,19.0
57,17.0
57,20.0
57,21.0
57,21.0
57,21.0
57,18.0
57,16.0
57,19.0
57,17.0
57,17.0
57,18.0
57,21.0
57,15.0
57,19.0
57,21.0
57,19.0
58,21.0
58,22.0
58,19.0
58,22.0
58,16.0
58,18.0
58,19.0
58,20.0
58,20.0
58,22.0
58,20.0
58,18.0
58,20.0
58,20.0
58,18.0
58,20.0
58,17.0
58,18.0
58,18.0
58,20.0
58,20.0
58,17.0
58,19.0
58,21.0
58,18.0
58,19.0
58,20.0
58,21.0
58,19.0
58,21.0
59,16.0
59,20.0
59,19.0
59,18.0
59,18.0
59,19.0
59,19.0
59,20.0
59,18.0
59,19.0
59,18.0
59,20.0
59,18.0
59,21.0
59,17.0
59,20.0
59,17.0
59,22.0
59,19.0
59,19.0
59,22.0
59,23.0
59,19.0
59,19.0
59,18.0
59,18.0
59,18.0
59,17.0
59,19.0
59,18.0
60,17.0
60,20.0
60,19.0
60,20.0
60,21.0
60,22.0
60,22.0
60,22.0
60,19.0
60,19.0
60,20.0
60,19.0
60,19.0
60,21.0
60,25.0
60,20.0
60,18.0
60,20.0
60,20.0
60,19.0
60,20.0
60,19.0
60,20.0
60,20.0
60,18.0
60,22.0
60,18.0
60,18.0
60,20.0
60,20.0
61,19.0
61,24.0
61,21.0
61,22.0
61,19.0
61,21.0
61,17.0
61,21.0
61,19.0
61,18.0
61,19.0
61,21.0
61,19.0
61,21.0
61,23.0
61,20.0
61,17.0
61,21.0
61,19.0
61,20.0
61,19.0
61,18.0
61,19.0
61,18.0
61,21.0
61,18.0
61,19.0
61,19.0
61,19.0
61,22.0
62,20.0
62,18.0
62,20.0
62,17.0
62,22.0
62,19.0
62,19.0
62,19.0
62,21.0
62,24.0
62,20.0
62,17.0
62,19.0
62,20.0
62,24.0
62,22.0
62,19.0
62,20.0
62,20.0
62,19.0
62,21.0
62,16.0
62,20.0
62,19.0
62,18.0
62,18.0
62,22.0
62,19.0
62,19.0
62,21.0
63,20.0
63,20.0
63,22.0
63,27.0
63,22.0
63,19.0
63,21.0
63,19.0
63,20.0
63,23.0
63,21.0
63,19.0
63,19.0
63,21.0
63,20.0
63,18.0
63,20.0
63,20.0
63,19.0
63,22.0
63,20.0
63,22.0
63,21.0
63,17.0
63,17.0
63,22.0
63,17.0
63,19.0
63,22.0
63,19.0
64,19.0
64,22.0
64,21.0
64,23.0
64,21.0
64,19.0
64,23.0
64,18.0
64,21.0
64,19.0
64,22.0
64,20.0
64,19.0
64,21.0
64,20.0
64,18.0
64,18.0
64,21.0
64,20.0
64,20.0
64,21.0
64,22.0
64,20.0
64,18.0
64,22.0
64,19.0
64,21.0
64,21.0
64,20.0
64,18.0
65,18.0
65,20.0
65,21.0
65,22.0
65,20.0
65,23.0
65,20.0
65,20.0
65,20.0
65,22.0
65,21.0
65,19.0
65,20.0
65,22.0
65,20.0
65,19.0
65,22.0
65,21.0
65,25.0
65,22.0
65,17.0
65,19.0
65,21.0
65,24.0
65,19.0
65,20.0
65,21.0
65,20.0
65,23.0
65,24.0
66,20.0
66,22.0
66,21.0
66,21.0
66,21.0
66,18.0
66,23.0
66,20.0
66,19.0
66,19.0
66,19.0
66,21.0
66,19.0
66,18.0
66,24.0
66,18.0
66,21.0
66,21.0
66,20.0
66,18.0
66,21.0
66,20.0
66,22.0
66,21.0
66,18.0
66,22.0
66,23.0
66,21.0
66,19.0
66,20.0
67,23.0
67,19.0
67,20.0
67,21.0
67,23.0
67,22.0
67,20.0
67,21.0
67,21.0
67,22.0
67,22.0
67,22.0
67,20.0
67,22.0
67,19.0
67,20.0
67,22.0
67,20.0
67,24.0
67,20.0
67,23.0
67,21.0
67,20.0
67,22.0
67,22.0
67,24.0
67,19.0
67,22.0
67,21.0
67,23.0
68,21.0
68,20.0
68,21.0
68,19.0
68,23.0
68,22.0
68,22.0
68,19.0
68,24.0
68,25.0
68,20.0
68,22.0
68,20.0
68,20.0
68,23.0
68,22.0
68,20.0
68,21.0
68,20.0
68,22.0
68,26.0
68,21.0
68,18.0
68,22.0
68,20.0
68,24.0
68,20.0
68,23.0
68,26.0
68,21.0
69,22.0
69,20.0
69,20.0
69,22.0
69,20.0
69,21.0
69,23.0
69,21.0
69,22.0
69,22.0
69,23.0
69,23.0
69,26.0
69,23.0
69,22.0
69,19.0
69,20.0
69,21.0
69,23.0
69,19.0
69,22.0
69,23.0
69,25.0
69,22.0
69,24.0
69,20.0
69,24.0
69,22.0
69,21.0
69,19.0
70,22.0
70,21.0
70,20.0
70,21.0
70,20.0
70,21.0
70,23.0
70,21.0
70,23.0
70,20.0
70,21.0
70,20.0
70,21.0
70,19.0
70,23.0
70,21.0
70,23.0
70,19.0
70,22.0
70,22.0
70,21.0
70,22.0
70,25.0
70,21.0
70,23.0
70,21.0
70,23.0
70,23.0
70,22.0
70,23.0
71,23.0
71,24.0
71,22.0
71,26.0
71,25.0
71,20.0
71,22.0
71,21.0
71,21.0
71,20.0
71,20.0
71,22.0
71,22.0
71,21.0
71,19.0
71,24.0
71,24.0
71,20.0
71,26.0
71,21.0
71,21.0
71,23.0
71,22.0
71,24.0
71,21.0
71,21.0
71,23.0
71,19.0
71,21.0
71,24.0
72,20.0
72,21.0
72,21.0
72,26.0
72,20.0
72,20.0
72,23.0
72,21.0
72,25.0
72,23.0
72,23.0
72,24.0
72,25.0
72,21.0
72,22.0
72,22.0
72,24.0
72,22.0
72,21.0
72,20.0
72,24.0
72,27.0
72,24.0
72,19.0
72,21.0
72,25.0
72,22.0
72,24.0
72,23.0
72,23.0
73,24.0
73,20.0
73,23.0
73,21.0
73,22.0
73,24.0
73,20.0
73,22.0
73,24.0
73,22.0
73,21.0
73,24.0
73,23.0
73,23.0
73,22.0
73,23.0
73,24.0
73,26.0
73,24.0
73,19.0
73,23.0
73,25.0
73,23.0
73,23.0
73,20.0
73,22.0
73,22.0
73,21.0
73,23.0
73,21.0
74,21.0
74,24.0
74,23.0
74,25.0
74,20.0
74,24.0
74,25.0
74,22.0
74,27.0
74,24.0
74,22.0
74,22.0
74,22.0
74,26.0
74,23.0
74,22.0
74,23.0
74,24.0
74,22.0
74,22.0
74,23.0
74,22.0
74,23.0
74,26.0
74,23.0
74,22.0
74,20.0
74,25.0
74,25.0
74,23.0
75,22.0
75,20.0
75,23.0
75,23.0
75,22.0
75,23.0
75,25.0
75,23.0
75,26.0
75,23.0
75,21.0
75,24.0
75,22.0
75,24.0
75,24.0
75,22.0
75,25.0
75,24.0
75,22.0
75,21.0
75,25.0
75,27.0
75,25.0
75,25.0
75,24.0
75,24.0
75,24.0
75,22.0
75,23.0
75,24.0
76,21.0
76,23.0
76,26.0
76,24.0
76,21.0
76,22.0
76,22.0
76,22.0
76,21.0
76,24.0
76,24.0
76,21.0
76,23.0
76,23.0
76,23.0
76,23.0
76,21.0
76,21.0
76,21.0
76,24.0
76,24.0
76,25.0
76,25.0
76,26.0
76,27.0
76,22.0
76,25.0
76,23.0
76,23.0
76,23.0
77,24.0
77,24.0
77,23.0
77,26.0
77,26.0
77,23.0
77,22.0
77,22.0
77,24.0
77,26.0
77,24.0
77,24.0
77,23.0
77,23.0
77,23.0
77,25.0
77,24.0
77,24.0
77,21.0
77,23.0
77,24.0
77,24.0
77,24.0
77,22.0
77,24.0
77,22.0
77,23.0
77,25.0
77,21.0
77,23.0
78,23.0
78,24.0
78,25.0
78,24.0
78,25.0
78,25.0
78,21.0
78,25.0
78,26.0
78,23.0
78,25.0
78,25.0
78,24.0
78,21.0
78,24.0
78,27.0
78,25.0
78,22.0
78,19.0
78,24.0
78,21.0
78,26.0
78,23.0
78,23.0
78,22.0
78,25.0
78,22.0
78,25.0
78,22.0
78,22.0
79,22.0
79,27.0
79,23.0
79,24.0
79,26.0
79,25.0
79,22.0
79,23.0
79,23.0
79,24.0
79,25.0
79,22.0
79,26.0
79,25.0
79,26.0
79,22.0
79,25.0
79,26.0
79,24.0
79,25.0
79,26.0
79,23.0
79,24.0
79,23.0
79,24.0
79,21.0
79,25.0
79,26.0
79,26.0
79,24.0
80,25.0
80,23.0
80,24.0
80,25.0
80,22.0
80,24.0
80,26.0
80,26.0
80,25.0
80,24.0
80,30.0
80,25.0
80,23.0
80,22.0
80,23.0
80,22.0
80,23.0
80,26.0
80,25.0
80,26.0
80,22.0
80,23.0
80,24.0
80,26.0
80,25.0
80,23.0
80,26.0
80,27.0
80,24.0
80,28.0
81,24.0
81,23.0
81,24.0
81,22.0
81,23.0
81,26.0
81,22.0
81,26.0
81,23.0
81,24.0
81,25.0
81,28.0
81,25.0
81,26.0
81,24.0
81,24.0
81,26.0
81,21.0
81,25.0
81,26.0
81,25.0
81,22.0
81,24.0
81,26.0
81,25.0
81,25.0
81,26.0
81,26.0
81,22.0
81,23.0
82,27.0
82,23.0
82,26.0
82,20.0
82,24.0
82,26.0
82,26.0
82,28.0
82,24.0
82,25.0
82,22.0
82,23.0
82,22.0
82,25.0
82,24.0
82,24.0
82,26.0
82,26.0
82,23.0
82,25.0
82,28.0
82,24.0
82,24.0
82,26.0
82,23.0
82,21.0
82,25.0
82,24.0
82,25.0
82,25.0
83,23.0
83,24.0
83,28.0
83,25.0
83,24.0
83,25.0
83,23.0
83,25.0
83,24.0
83,26.0
83,25.0
83,26.0
83,29.0
83,25.0
83,25.0
83,29.0
83,22.0
83,26.0
83,26.0
83,23.0
83,22.0
83,24.0
83,25.0
83,24.0
83,27.0
83,24.0
83,24.0
83,27.0
83,26.0
83,24.0
84,24.0
84,24.0
84,26.0
84,23.0
84,27.0
84,24.0
84,25.0
84,27.0
84,24.0
84,25.0
84,25.0
84,26.0
84,25.0
84,25.0
84,27.0
84,26.0
84,25.0
84,27.0
84,24.0
84,27.0
84,29.0
84,24.0
84,26.0
84,24.0
84,26.0
84,23.0
84,24.0
84,25.0
84,23.0
84,25.0
85,26.0
85,24.0
85,25.0
85,23.0
85,24.0
85,25.0
85,26.0
85,27.0
85,23.0
85,27.0
85,24.0
85,24.0
85,26.0
85,26.0
85,25.0
85,22.0
85,27.0
85,23.0
85,26.0
85,26.0
85,26.0
85,26.0
85,29.0
85,27.0
85,25.0
85,26.0
85,25.0
85,26.0
85,25.0
85,26.0
86,23.0
86,30.0
86,28.0
86,26.0
86,27.0
86,28.0
86,24.0
86,27.0
86,24.0
86,27.0
86,26.0
86,27.0
86,26.0
86,26.0
86,26.0
86,28.0
86,28.0
86,25.0
86,23.0
86,24.0
86,29.0
86,23.0
86,26.0
86,25.0
86,26.0
86,26.0
86,26.0
86,25.0
86,25.0
86,25.0
87,26.0
87,24.0
87,26.0
87,25.0
87,26.0
87,26.0
87,29.0
87,27.0
87,26.0
87,29.0
87,29.0
87,26.0
87,23.0
87,24.0
87,25.0
87,23.0
87,26.0
87,29.0
87,26.0
87,27.0
87,26.0
87,25.0
87,28.0
87,25.0
87,25.0
87,26.0
87,25.0
87,26.0
87,31.0
87,25.0
88,24.0
88,26.0
88,23.0
88,26.0
88,29.0
88,27.0
88,28.0
88,25.0
88,27.0
88,24.0
88,30.0
88,26.0
88,28.0
88,22.0
88,27.0
88,28.0
88,28.0
88,28.0
88,27.0
88,27.0
88,26.0
88,29.0
88,27.0
88,30.0
88,25.0
88,27.0
88,26.0
88,24.0
88,23.0
88,26.0
89,26.0
89,27.0
89,28.0
89,26.0
89,28.0
89,29.0
89,26.0
89,31.0
89,25.0
89,25.0
89,27.0
89,26.0
89,26.0
89,28.0
89,24.0
89,29.0
89,25.0
89,29.0
89,28.0
89,31.0
89,30.0
89,26.0
89,25.0
89,25.0
89,27.0
89,26.0
89,26.0
89,28.0
89,23.0
89,26.0
90,23.0
90,28.0
90,28.0
90,26.0
90,27.0
90,27.0
90,29.0
90,26.0
90,27.0
90,28.0
90,25.0
90,27.0
90,28.0
90,26.0
90,28.0
90,27.0
90,26.0
90,31.0
90,27.0
90,26.0
90,25.0
90,27.0
90,30.0
90,27.0
90,30.0
90,25.0
90,31.0
90,28.0
90,26.0
90,27.0
91,26.0
91,25.0
91,26.0
91,29.0
91,27.0
91,27.0
91,25.0
91,25.0
91,28.0
91,25.0
91,26.0
91,27.0
91,28.0
91,26.0
91,30.0
91,27.0
91,24.0
91,28.0
91,29.0
91,29.0
91,25.0
91,26.0
91,27.0
91,27.0
91,26.0
91,26.0
91,28.0
91,24.0
91,22.0
91,25.0
92,27.0
92,28.0
92,28.0
92,25.0
92,29.0
92,29.0
92,29.0
92,27.0
92,28.0
92,29.0
92,28.0
92,30.0
92,26.0
92,26.0
92,27.0
92,26.0
92,30.0
92,29.0
92,26.0
92,27.0
92,29.0
92,27.0
92,27.0
92,31.0
92,31.0
92,28.0
92,24.0
92,26.0
92,25.0
92,28.0
93,26.0
93,28.0
93,25.0
93,25.0
93,26.0
93,24.0
93,28.0
93,28.0
93,27.0
93,26.0
93,28.0
93,26.0
93,29.0
93,25.0
93,26.0
93,29.0
93,32.0
93,26.0
93,27.0
93,28.0
93,27.0
93,31.0
93,28.0
93,27.0
93,28.0
93,29.0
93,27.0
93,29.0
93,28.0
93,28.0
94,26.0
94,30.0
94,24.0
94,28.0
94,27.0
94,28.0
94,29.0
94,29.0
94,27.0
94,33.0
94,30.0
94,28.0
94,29.0
94,31.0
94,28.0
94,30.0
94,29.0
94,29.0
94,29.0
94,25.0
94,29.0
94,26.0
94,31.0
94,27.0
94,29.0
94,27.0
94,27.0
94,25.0
94,31.0
94,28.0
95,27.0
95,25.0
95,29.0
95,28.0
95,26.0
95,28.0
95,29.0
95,26.0
95,28.0
95,25.0
95,25.0
95,26.0
95,31.0
95,29.0
95,28.0
95,28.0
95,32.0
95,27.0
95,28.0
95,30.0
95,29.0
95,26.0
95,28.0
95,28.0
95,27.0
95,32.0
95,26.0
95,27.0
95,26.0
95,27.0
96,26.0
96,27.0
96,26.0
96,27.0
96,26.0
96,28.0
96,28.0
96,31.0
96,30.0
96,25.0
96,28.0
96,30.0
96,29.0
96,27.0
96,27.0
96,30.0
96,29.0
96,27.0
96,29.0
96,29.0
96,25.0
96,28.0
96,33.0
96,27.0
96,29.0
96,25.0
96,26.0
96,30.0
96,30.0
96,28.0
97,26.0
97,29.0
97,28.0
97,28.0
97,28.0
97,28.0
97,27.0
97,28.0
97,33.0
97,32.0
97,27.0
97,27.0
97,30.0
97,29.0
97,29.0
97,27.0
97,27.0
97,28.0
97,28.0
97,31.0
97,30.0
97,29.0
97,29.0
97,29.0
97,28.0
97,27.0
97,25.0
97,25.0
97,30.0
97,27.0
98,28.0
98,34.0
98,31.0
98,31.0
98,26.0
98,31.0
98,27.0
98,28.0
98,25.0
98,30.0
98,31.0
98,31.0
98,30.0
98,31.0
98,29.0
98,32.0
98,30.0
98,31.0
98,31.0
98,27.0
98,29.0
98,33.0
98,27.0
98,28.0
98,32.0
98,28.0
98,28.0
98,30.0
98,31.0
98,27.0
99,29.0
99,30.0
99,28.0
99,32.0
99,28.0
99,27.0
99,29.0
99,28.0
99,27.0
99,28.0
99,30.0
99,29.0
99,29.0
99,33.0
99,27.0
99,29.0
99,29.0
99,30.0
99,33.0
99,30.0
99,29.0
99,28.0
99,28.0
99,32.0
99,29.0
99,27.0
99,31.0
99,30.0
99,30.0
99,29.0
